{
    "floor": 527,
    "sf_x": 0.4166666666666667,
    "sf_y": 0.5555555555555556,
    "file": "website/static/images/backgrounds/bg6_disco_scrollable_scaled.png"
}